problem_sha256,applied_params_hash,seed,solver,path,z3_version,result,elapsed_ms,num_variables,num_bool,num_int,num_real,num_hard_constraints,num_soft_constraints,num_minimize_objectives,num_maximize_objectives,cli_effort,cli_tech,cli_process,cli_solver_iter_timeout,cli_use_reboot,cli_optimize_m1,cli_optimize_m2,cli_num_of_heights,z3_conflicts,z3_decisions,z3_propagations,z3_final_checks,z3_num_checks,z3_max_memory_mb,z3_time_s,z3_rlimit_count,smt2_filename,smt2_path,meta_path,error
03b7e129d6254e599dcef91096f13ca6289f1d6b04e7f694a174b8f4bbb6f90c,543b29ed8f75ba2d0c54a5409cce4ee23f2d54d221a09c0cca667e1b31ffcec6,0,z3,primary,4.13.3.0,Sat,16518,33068,19738,13290,40,106100,2059,0,0,low,sf4lpp,sf4lpp,3600.0,False,False,False,1,638,16700,3734347,41,42,4318.31,16.518,27700333,03b7e129d6254e599dcef91096f13ca6289f1d6b04e7f694a174b8f4bbb6f90c.smt2,/Users/heedeok.son/workspace/openevolve/input/z3-bench/raw-data/03b7e129d6254e599dcef91096f13ca6289f1d6b04e7f694a174b8f4bbb6f90c.smt2,/Users/heedeok.son/workspace/openevolve/input/z3-bench/raw-data/03b7e129d6254e599dcef91096f13ca6289f1d6b04e7f694a174b8f4bbb6f90c__543b29ed8f75ba2d__seed0.meta.jsonl,
069af7891076de4d10677710b05411844fac7d5f33f40910cc41229207fcbbc3,543b29ed8f75ba2d0c54a5409cce4ee23f2d54d221a09c0cca667e1b31ffcec6,0,z3,primary,4.13.3.0,Sat,13885,32912,19654,13218,40,105784,2047,0,0,low,sf4lpp,sf4lpp,3600.0,False,False,False,1,419,13038,2535296,40,41,4320.75,13.884,26615394,069af7891076de4d10677710b05411844fac7d5f33f40910cc41229207fcbbc3.smt2,/Users/heedeok.son/workspace/openevolve/input/z3-bench/raw-data/069af7891076de4d10677710b05411844fac7d5f33f40910cc41229207fcbbc3.smt2,/Users/heedeok.son/workspace/openevolve/input/z3-bench/raw-data/069af7891076de4d10677710b05411844fac7d5f33f40910cc41229207fcbbc3__543b29ed8f75ba2d__seed0.meta.jsonl,
0f6f9aa28440a0a26cc61b28f0a52d2a5f5b83061b46651c0741ffac1bb4d678,543b29ed8f75ba2d0c54a5409cce4ee23f2d54d221a09c0cca667e1b31ffcec6,0,z3,primary,4.13.3.0,Sat,2728,17097,9331,7748,18,112990,548,0,0,low,sf4lpp,sf4lpp,3600.0,False,False,False,1,281,10023,1022106,17,18,620.35,2.728,10426372,0f6f9aa28440a0a26cc61b28f0a52d2a5f5b83061b46651c0741ffac1bb4d678.smt2,/Users/heedeok.son/workspace/openevolve/input/z3-bench/raw-data/0f6f9aa28440a0a26cc61b28f0a52d2a5f5b83061b46651c0741ffac1bb4d678.smt2,/Users/heedeok.son/workspace/openevolve/input/z3-bench/raw-data/0f6f9aa28440a0a26cc61b28f0a52d2a5f5b83061b46651c0741ffac1bb4d678__543b29ed8f75ba2d__seed0.meta.jsonl,
133383a624eff676bc61f99b5a18375904aaba4fe865cd2d4afc76d5f00f948f,543b29ed8f75ba2d0c54a5409cce4ee23f2d54d221a09c0cca667e1b31ffcec6,0,z3,primary,4.13.3.0,Unsat,480,5701,3195,2496,10,24797,284,0,0,low,sf4lpp,sf4lpp,3600.0,False,False,False,1,8,12,10603,,1,88.59,0.48,1689462,133383a624eff676bc61f99b5a18375904aaba4fe865cd2d4afc76d5f00f948f.smt2,/Users/heedeok.son/workspace/openevolve/input/z3-bench/raw-data/133383a624eff676bc61f99b5a18375904aaba4fe865cd2d4afc76d5f00f948f.smt2,/Users/heedeok.son/workspace/openevolve/input/z3-bench/raw-data/133383a624eff676bc61f99b5a18375904aaba4fe865cd2d4afc76d5f00f948f__543b29ed8f75ba2d__seed0.meta.jsonl,
17cc4d349ce3ebeba20934b5f0c14c6716bd918a6bcf47bad7a684c2d1162f9a,543b29ed8f75ba2d0c54a5409cce4ee23f2d54d221a09c0cca667e1b31ffcec6,0,,,4.13.3.0,Sat,366,3932,2188,1736,8,15243,224,0,0,low,sf4lpp,sf4lpp,3600.0,False,False,False,1,80,1169,53219,7,8,41.83,0.365,992112,17cc4d349ce3ebeba20934b5f0c14c6716bd918a6bcf47bad7a684c2d1162f9a.smt2,/Users/heedeok.son/workspace/openevolve/input/z3-bench/raw-data/17cc4d349ce3ebeba20934b5f0c14c6716bd918a6bcf47bad7a684c2d1162f9a.smt2,/Users/heedeok.son/workspace/openevolve/input/z3-bench/raw-data/17cc4d349ce3ebeba20934b5f0c14c6716bd918a6bcf47bad7a684c2d1162f9a__543b29ed8f75ba2d__seed0.meta.jsonl,
187551dceaf0c039b8f6f31e2dfcea9fe819db8317dc1d4564bf84fd38129500,543b29ed8f75ba2d0c54a5409cce4ee23f2d54d221a09c0cca667e1b31ffcec6,0,z3,primary,4.13.3.0,Sat,294,5752,3222,2520,10,24937,287,0,0,low,sf4lpp,sf4lpp,3600.0,False,False,False,1,97,1067,92823,7,8,88.59,0.294,1766969,187551dceaf0c039b8f6f31e2dfcea9fe819db8317dc1d4564bf84fd38129500.smt2,/Users/heedeok.son/workspace/openevolve/input/z3-bench/raw-data/187551dceaf0c039b8f6f31e2dfcea9fe819db8317dc1d4564bf84fd38129500.smt2,/Users/heedeok.son/workspace/openevolve/input/z3-bench/raw-data/187551dceaf0c039b8f6f31e2dfcea9fe819db8317dc1d4564bf84fd38129500__543b29ed8f75ba2d__seed0.meta.jsonl,
21069961e8dc3386828e2608f2ece27db08b11be6e2da9ebadbc40675687e1fb,543b29ed8f75ba2d0c54a5409cce4ee23f2d54d221a09c0cca667e1b31ffcec6,0,z3,primary,4.13.3.0,Sat,2900,17097,9331,7748,18,113006,548,0,0,low,sf4lpp,sf4lpp,3600.0,False,False,False,1,330,7222,743241,17,18,616.98,2.9,14138638,21069961e8dc3386828e2608f2ece27db08b11be6e2da9ebadbc40675687e1fb.smt2,/Users/heedeok.son/workspace/openevolve/input/z3-bench/raw-data/21069961e8dc3386828e2608f2ece27db08b11be6e2da9ebadbc40675687e1fb.smt2,/Users/heedeok.son/workspace/openevolve/input/z3-bench/raw-data/21069961e8dc3386828e2608f2ece27db08b11be6e2da9ebadbc40675687e1fb__543b29ed8f75ba2d__seed0.meta.jsonl,
25025d341f86cbcf9038666e523ef8ab9593954558e36e42df8d5784ef0c8a62,543b29ed8f75ba2d0c54a5409cce4ee23f2d54d221a09c0cca667e1b31ffcec6,0,z3,primary,4.13.3.0,Unsat,407,5701,3195,2496,10,24807,284,0,0,low,sf4lpp,sf4lpp,3600.0,False,False,False,1,3,4,5019,,1,88.83,0.407,1554154,25025d341f86cbcf9038666e523ef8ab9593954558e36e42df8d5784ef0c8a62.smt2,/Users/heedeok.son/workspace/openevolve/input/z3-bench/raw-data/25025d341f86cbcf9038666e523ef8ab9593954558e36e42df8d5784ef0c8a62.smt2,/Users/heedeok.son/workspace/openevolve/input/z3-bench/raw-data/25025d341f86cbcf9038666e523ef8ab9593954558e36e42df8d5784ef0c8a62__543b29ed8f75ba2d__seed0.meta.jsonl,
29efe6d38d7b8fcf41ed69b73f5a0bb370f782ab61ffe564fbe41512ea75ce5f,543b29ed8f75ba2d0c54a5409cce4ee23f2d54d221a09c0cca667e1b31ffcec6,0,z3,primary,4.13.3.0,Unsat,12712,32912,19654,13218,40,105784,2047,0,0,low,sf4lpp,sf4lpp,3600.0,False,False,False,1,34,196,136583,,1,4321.07,12.712,21352456,29efe6d38d7b8fcf41ed69b73f5a0bb370f782ab61ffe564fbe41512ea75ce5f.smt2,/Users/heedeok.son/workspace/openevolve/input/z3-bench/raw-data/29efe6d38d7b8fcf41ed69b73f5a0bb370f782ab61ffe564fbe41512ea75ce5f.smt2,/Users/heedeok.son/workspace/openevolve/input/z3-bench/raw-data/29efe6d38d7b8fcf41ed69b73f5a0bb370f782ab61ffe564fbe41512ea75ce5f__543b29ed8f75ba2d__seed0.meta.jsonl,
318bc251e0bd49f3b67bc85aa2e58b370e8b7ed5228e059d06bf58748284e4e4,543b29ed8f75ba2d0c54a5409cce4ee23f2d54d221a09c0cca667e1b31ffcec6,0,z3,primary,4.13.3.0,Sat,14232,33068,19738,13290,40,106100,2059,0,0,low,sf4lpp,sf4lpp,3600.0,False,False,False,1,501,17511,3164096,30,31,4318.35,14.232,26341700,318bc251e0bd49f3b67bc85aa2e58b370e8b7ed5228e059d06bf58748284e4e4.smt2,/Users/heedeok.son/workspace/openevolve/input/z3-bench/raw-data/318bc251e0bd49f3b67bc85aa2e58b370e8b7ed5228e059d06bf58748284e4e4.smt2,/Users/heedeok.son/workspace/openevolve/input/z3-bench/raw-data/318bc251e0bd49f3b67bc85aa2e58b370e8b7ed5228e059d06bf58748284e4e4__543b29ed8f75ba2d__seed0.meta.jsonl,
3854194b901b0b424b5199a54fa8e626506e605f0dd8cae64c75786012037c44,543b29ed8f75ba2d0c54a5409cce4ee23f2d54d221a09c0cca667e1b31ffcec6,0,z3,primary,4.13.3.0,Sat,66100,59955,32107,27810,38,524914,1455,0,0,low,sf4lpp,sf4lpp,3600.0,False,False,False,2,20293,403008,159458871,49,50,2497.69,66.1,285787632,3854194b901b0b424b5199a54fa8e626506e605f0dd8cae64c75786012037c44.smt2,/Users/heedeok.son/workspace/openevolve/input/z3-bench/raw-data/3854194b901b0b424b5199a54fa8e626506e605f0dd8cae64c75786012037c44.smt2,/Users/heedeok.son/workspace/openevolve/input/z3-bench/raw-data/3854194b901b0b424b5199a54fa8e626506e605f0dd8cae64c75786012037c44__543b29ed8f75ba2d__seed0.meta.jsonl,
3b58bd47434b81258f5d6b182dde28df64a155b70a2aa790c4d608ec8f11ab65,543b29ed8f75ba2d0c54a5409cce4ee23f2d54d221a09c0cca667e1b31ffcec6,0,z3,primary,4.13.3.0,Unsat,31732,99386,52694,46644,48,1092831,1914,0,0,low,sf4lpp,sf4lpp,3600.0,False,False,False,2,43,513,444570,,1,4743.79,31.732,66826573,3b58bd47434b81258f5d6b182dde28df64a155b70a2aa790c4d608ec8f11ab65.smt2,/Users/heedeok.son/workspace/openevolve/input/z3-bench/raw-data/3b58bd47434b81258f5d6b182dde28df64a155b70a2aa790c4d608ec8f11ab65.smt2,/Users/heedeok.son/workspace/openevolve/input/z3-bench/raw-data/3b58bd47434b81258f5d6b182dde28df64a155b70a2aa790c4d608ec8f11ab65__543b29ed8f75ba2d__seed0.meta.jsonl,
3cacf544225ef77231cc5a1ef778fd06534731623cc06144babac1140aa5acf1,543b29ed8f75ba2d0c54a5409cce4ee23f2d54d221a09c0cca667e1b31ffcec6,0,z3,primary,4.13.3.0,Unsat,2996,17097,9331,7748,18,112978,548,0,0,low,sf4lpp,sf4lpp,3600.0,False,False,False,1,784,4989,2033058,,1,605.3,2.996,19446685,3cacf544225ef77231cc5a1ef778fd06534731623cc06144babac1140aa5acf1.smt2,/Users/heedeok.son/workspace/openevolve/input/z3-bench/raw-data/3cacf544225ef77231cc5a1ef778fd06534731623cc06144babac1140aa5acf1.smt2,/Users/heedeok.son/workspace/openevolve/input/z3-bench/raw-data/3cacf544225ef77231cc5a1ef778fd06534731623cc06144babac1140aa5acf1__543b29ed8f75ba2d__seed0.meta.jsonl,
40bd9a43447844f232d5a083badcde91a09e72d0be849e39b582924e3285cedd,543b29ed8f75ba2d0c54a5409cce4ee23f2d54d221a09c0cca667e1b31ffcec6,0,z3,primary,4.13.3.0,Unsat,490,5701,3195,2496,10,24807,284,0,0,low,sf4lpp,sf4lpp,3600.0,False,False,False,1,3,4,5876,,1,88.64,0.49,1554883,40bd9a43447844f232d5a083badcde91a09e72d0be849e39b582924e3285cedd.smt2,/Users/heedeok.son/workspace/openevolve/input/z3-bench/raw-data/40bd9a43447844f232d5a083badcde91a09e72d0be849e39b582924e3285cedd.smt2,/Users/heedeok.son/workspace/openevolve/input/z3-bench/raw-data/40bd9a43447844f232d5a083badcde91a09e72d0be849e39b582924e3285cedd__543b29ed8f75ba2d__seed0.meta.jsonl,
42bc61a62698412bbad582db74dd0c9d92710d69f358348ae993deaf2e8d2c08,543b29ed8f75ba2d0c54a5409cce4ee23f2d54d221a09c0cca667e1b31ffcec6,0,z3,primary,4.13.3.0,Unsat,12692,32912,19654,13218,40,105784,2047,0,0,low,sf4lpp,sf4lpp,3600.0,False,False,False,1,26,195,140779,,1,4320.64,12.692,21341530,42bc61a62698412bbad582db74dd0c9d92710d69f358348ae993deaf2e8d2c08.smt2,/Users/heedeok.son/workspace/openevolve/input/z3-bench/raw-data/42bc61a62698412bbad582db74dd0c9d92710d69f358348ae993deaf2e8d2c08.smt2,/Users/heedeok.son/workspace/openevolve/input/z3-bench/raw-data/42bc61a62698412bbad582db74dd0c9d92710d69f358348ae993deaf2e8d2c08__543b29ed8f75ba2d__seed0.meta.jsonl,
493242c379920ed6cd98a5096fd2674877b98eaa17bbb3a758bbf1b3db38df12,543b29ed8f75ba2d0c54a5409cce4ee23f2d54d221a09c0cca667e1b31ffcec6,0,z3,primary,4.13.3.0,Sat,14353,33068,19738,13290,40,106100,2059,0,0,low,sf4lpp,sf4lpp,3600.0,False,False,False,1,383,11875,1751697,56,57,4318.36,14.353,25778910,493242c379920ed6cd98a5096fd2674877b98eaa17bbb3a758bbf1b3db38df12.smt2,/Users/heedeok.son/workspace/openevolve/input/z3-bench/raw-data/493242c379920ed6cd98a5096fd2674877b98eaa17bbb3a758bbf1b3db38df12.smt2,/Users/heedeok.son/workspace/openevolve/input/z3-bench/raw-data/493242c379920ed6cd98a5096fd2674877b98eaa17bbb3a758bbf1b3db38df12__543b29ed8f75ba2d__seed0.meta.jsonl,
4a02d7846394cb507e7d12f4db736ab7c54c536a8097c32502ad952026dfa64a,543b29ed8f75ba2d0c54a5409cce4ee23f2d54d221a09c0cca667e1b31ffcec6,0,z3,primary,4.13.3.0,Sat,14428,32912,19654,13218,40,105784,2047,0,0,low,sf4lpp,sf4lpp,3600.0,False,False,False,1,340,9171,1845870,39,40,4320.79,14.428,25489167,4a02d7846394cb507e7d12f4db736ab7c54c536a8097c32502ad952026dfa64a.smt2,/Users/heedeok.son/workspace/openevolve/input/z3-bench/raw-data/4a02d7846394cb507e7d12f4db736ab7c54c536a8097c32502ad952026dfa64a.smt2,/Users/heedeok.son/workspace/openevolve/input/z3-bench/raw-data/4a02d7846394cb507e7d12f4db736ab7c54c536a8097c32502ad952026dfa64a__543b29ed8f75ba2d__seed0.meta.jsonl,
4c942959630b48d103bbbd34a5abed3fe4542010ddff571a97af61f07ea90783,543b29ed8f75ba2d0c54a5409cce4ee23f2d54d221a09c0cca667e1b31ffcec6,0,z3,primary,4.13.3.0,Sat,132126,83411,44958,38403,50,695689,2133,0,0,low,sf4lpp,sf4lpp,3600.0,False,False,False,2,29011,376993,310575312,9,10,4694.12,132.126,556478248,4c942959630b48d103bbbd34a5abed3fe4542010ddff571a97af61f07ea90783.smt2,/Users/heedeok.son/workspace/openevolve/input/z3-bench/raw-data/4c942959630b48d103bbbd34a5abed3fe4542010ddff571a97af61f07ea90783.smt2,/Users/heedeok.son/workspace/openevolve/input/z3-bench/raw-data/4c942959630b48d103bbbd34a5abed3fe4542010ddff571a97af61f07ea90783__543b29ed8f75ba2d__seed0.meta.jsonl,
4fb703b1212783821a005b7e69b3b6f6bd668f15c2877bef52c6fe2fb10fabac,543b29ed8f75ba2d0c54a5409cce4ee23f2d54d221a09c0cca667e1b31ffcec6,0,,,4.13.3.0,Unsat,311,3842,2140,1694,8,15034,218,0,0,low,sf4lpp,sf4lpp,3600.0,False,False,False,1,4,4,3035,,1,28.14,0.311,1042113,4fb703b1212783821a005b7e69b3b6f6bd668f15c2877bef52c6fe2fb10fabac.smt2,/Users/heedeok.son/workspace/openevolve/input/z3-bench/raw-data/4fb703b1212783821a005b7e69b3b6f6bd668f15c2877bef52c6fe2fb10fabac.smt2,/Users/heedeok.son/workspace/openevolve/input/z3-bench/raw-data/4fb703b1212783821a005b7e69b3b6f6bd668f15c2877bef52c6fe2fb10fabac__543b29ed8f75ba2d__seed0.meta.jsonl,
505a2e36055c971b7ff50c806430e09386fbd2fac5645d1480df806c1fdfbf2e,543b29ed8f75ba2d0c54a5409cce4ee23f2d54d221a09c0cca667e1b31ffcec6,0,z3,primary,4.13.3.0,Sat,307,5752,3222,2520,10,24937,287,0,0,low,sf4lpp,sf4lpp,3600.0,False,False,False,1,93,1160,99526,8,9,88.58,0.307,1778656,505a2e36055c971b7ff50c806430e09386fbd2fac5645d1480df806c1fdfbf2e.smt2,/Users/heedeok.son/workspace/openevolve/input/z3-bench/raw-data/505a2e36055c971b7ff50c806430e09386fbd2fac5645d1480df806c1fdfbf2e.smt2,/Users/heedeok.son/workspace/openevolve/input/z3-bench/raw-data/505a2e36055c971b7ff50c806430e09386fbd2fac5645d1480df806c1fdfbf2e__543b29ed8f75ba2d__seed0.meta.jsonl,
5250d459bef23286b67be03e7abec394ceb5d337f40885df8ac4e76eb48d33f8,543b29ed8f75ba2d0c54a5409cce4ee23f2d54d221a09c0cca667e1b31ffcec6,0,z3,primary,4.13.3.0,Sat,67552,59955,32107,27810,38,524936,1455,0,0,low,sf4lpp,sf4lpp,3600.0,False,False,False,2,21002,325796,174972212,13,14,2491.57,67.552,305746540,5250d459bef23286b67be03e7abec394ceb5d337f40885df8ac4e76eb48d33f8.smt2,/Users/heedeok.son/workspace/openevolve/input/z3-bench/raw-data/5250d459bef23286b67be03e7abec394ceb5d337f40885df8ac4e76eb48d33f8.smt2,/Users/heedeok.son/workspace/openevolve/input/z3-bench/raw-data/5250d459bef23286b67be03e7abec394ceb5d337f40885df8ac4e76eb48d33f8__543b29ed8f75ba2d__seed0.meta.jsonl,
65444d69388120f98e21ea06a1cf388e621dbc77318828bd673832e90963c568,543b29ed8f75ba2d0c54a5409cce4ee23f2d54d221a09c0cca667e1b31ffcec6,0,z3,primary,4.13.3.0,Unsat,13089,32912,19654,13218,40,105784,2047,0,0,low,sf4lpp,sf4lpp,3600.0,False,False,False,1,30,140,135224,,1,4320.63,13.089,21339214,65444d69388120f98e21ea06a1cf388e621dbc77318828bd673832e90963c568.smt2,/Users/heedeok.son/workspace/openevolve/input/z3-bench/raw-data/65444d69388120f98e21ea06a1cf388e621dbc77318828bd673832e90963c568.smt2,/Users/heedeok.son/workspace/openevolve/input/z3-bench/raw-data/65444d69388120f98e21ea06a1cf388e621dbc77318828bd673832e90963c568__543b29ed8f75ba2d__seed0.meta.jsonl,
6aab51935a092a1d7f05bb431d3d05e0de50c19f5f983026a6d14e7c4b9cf240,543b29ed8f75ba2d0c54a5409cce4ee23f2d54d221a09c0cca667e1b31ffcec6,0,z3,primary,4.13.3.0,Sat,3681,17151,9359,7774,18,113172,550,0,0,low,sf4lpp,sf4lpp,3600.0,False,False,False,1,558,10820,1404437,8,9,620.18,3.681,11339618,6aab51935a092a1d7f05bb431d3d05e0de50c19f5f983026a6d14e7c4b9cf240.smt2,/Users/heedeok.son/workspace/openevolve/input/z3-bench/raw-data/6aab51935a092a1d7f05bb431d3d05e0de50c19f5f983026a6d14e7c4b9cf240.smt2,/Users/heedeok.son/workspace/openevolve/input/z3-bench/raw-data/6aab51935a092a1d7f05bb431d3d05e0de50c19f5f983026a6d14e7c4b9cf240__543b29ed8f75ba2d__seed0.meta.jsonl,
75ee534dbc926b1e245277f82a9f102ccba7718fa1f7cd6e4ed60fec3db0c4d8,543b29ed8f75ba2d0c54a5409cce4ee23f2d54d221a09c0cca667e1b31ffcec6,0,z3,primary,4.13.3.0,Sat,13086,32912,19654,13218,40,105784,2047,0,0,low,sf4lpp,sf4lpp,3600.0,False,False,False,1,155,8418,912363,41,42,4321.23,13.086,23855170,75ee534dbc926b1e245277f82a9f102ccba7718fa1f7cd6e4ed60fec3db0c4d8.smt2,/Users/heedeok.son/workspace/openevolve/input/z3-bench/raw-data/75ee534dbc926b1e245277f82a9f102ccba7718fa1f7cd6e4ed60fec3db0c4d8.smt2,/Users/heedeok.son/workspace/openevolve/input/z3-bench/raw-data/75ee534dbc926b1e245277f82a9f102ccba7718fa1f7cd6e4ed60fec3db0c4d8__543b29ed8f75ba2d__seed0.meta.jsonl,
76bcc496430708686148bd23c53bb24a2b4e9a6d1f28adb8b2e072b47871b3ea,543b29ed8f75ba2d0c54a5409cce4ee23f2d54d221a09c0cca667e1b31ffcec6,0,z3,primary,4.13.3.0,Sat,112662,83621,45066,38505,50,696736,2139,0,0,low,sf4lpp,sf4lpp,3600.0,False,False,False,2,23003,350564,251976930,26,27,4679.64,112.662,467737909,76bcc496430708686148bd23c53bb24a2b4e9a6d1f28adb8b2e072b47871b3ea.smt2,/Users/heedeok.son/workspace/openevolve/input/z3-bench/raw-data/76bcc496430708686148bd23c53bb24a2b4e9a6d1f28adb8b2e072b47871b3ea.smt2,/Users/heedeok.son/workspace/openevolve/input/z3-bench/raw-data/76bcc496430708686148bd23c53bb24a2b4e9a6d1f28adb8b2e072b47871b3ea__543b29ed8f75ba2d__seed0.meta.jsonl,
7ac5a84f68bc6e1488f9c6074a42505a6c95fa8df4f615c4a0ae54359dd3b416,543b29ed8f75ba2d0c54a5409cce4ee23f2d54d221a09c0cca667e1b31ffcec6,0,z3,primary,4.13.3.0,Unsat,14992,32912,19654,13218,40,105784,2047,0,0,low,sf4lpp,sf4lpp,3600.0,False,False,False,1,28,146,156475,,1,4320.64,14.992,20732604,7ac5a84f68bc6e1488f9c6074a42505a6c95fa8df4f615c4a0ae54359dd3b416.smt2,/Users/heedeok.son/workspace/openevolve/input/z3-bench/raw-data/7ac5a84f68bc6e1488f9c6074a42505a6c95fa8df4f615c4a0ae54359dd3b416.smt2,/Users/heedeok.son/workspace/openevolve/input/z3-bench/raw-data/7ac5a84f68bc6e1488f9c6074a42505a6c95fa8df4f615c4a0ae54359dd3b416__543b29ed8f75ba2d__seed0.meta.jsonl,
7d51ef2bfc4c3e45350aa61d7585a4c562f3c13412b841fd4de9830a052ca385,543b29ed8f75ba2d0c54a5409cce4ee23f2d54d221a09c0cca667e1b31ffcec6,0,z3,primary,4.13.3.0,Sat,40558,59955,32107,27810,38,524936,1455,0,0,low,sf4lpp,sf4lpp,3600.0,False,False,False,2,8858,242490,69339814,37,38,2491.74,40.558,147263647,7d51ef2bfc4c3e45350aa61d7585a4c562f3c13412b841fd4de9830a052ca385.smt2,/Users/heedeok.son/workspace/openevolve/input/z3-bench/raw-data/7d51ef2bfc4c3e45350aa61d7585a4c562f3c13412b841fd4de9830a052ca385.smt2,/Users/heedeok.son/workspace/openevolve/input/z3-bench/raw-data/7d51ef2bfc4c3e45350aa61d7585a4c562f3c13412b841fd4de9830a052ca385__543b29ed8f75ba2d__seed0.meta.jsonl,
7f7b5c632ef82955fa7e13961d897ffb114e76ca4e2d183d7178639c3218af1b,543b29ed8f75ba2d0c54a5409cce4ee23f2d54d221a09c0cca667e1b31ffcec6,0,z3,primary,4.13.3.0,Sat,181205,83621,45066,38505,50,696736,2139,0,0,low,sf4lpp,sf4lpp,3600.0,False,False,False,2,48772,603760,540204864,46,47,4675.71,181.205,925944306,7f7b5c632ef82955fa7e13961d897ffb114e76ca4e2d183d7178639c3218af1b.smt2,/Users/heedeok.son/workspace/openevolve/input/z3-bench/raw-data/7f7b5c632ef82955fa7e13961d897ffb114e76ca4e2d183d7178639c3218af1b.smt2,/Users/heedeok.son/workspace/openevolve/input/z3-bench/raw-data/7f7b5c632ef82955fa7e13961d897ffb114e76ca4e2d183d7178639c3218af1b__543b29ed8f75ba2d__seed0.meta.jsonl,
86468fd861ffa391b567ca57dc57c9b95b8577942d3fd2587e244073bdee43ef,543b29ed8f75ba2d0c54a5409cce4ee23f2d54d221a09c0cca667e1b31ffcec6,0,z3,primary,4.13.3.0,Sat,15671,33068,19738,13290,40,106100,2059,0,0,low,sf4lpp,sf4lpp,3600.0,False,False,False,1,207,7280,1095466,44,45,4318.34,15.671,24227973,86468fd861ffa391b567ca57dc57c9b95b8577942d3fd2587e244073bdee43ef.smt2,/Users/heedeok.son/workspace/openevolve/input/z3-bench/raw-data/86468fd861ffa391b567ca57dc57c9b95b8577942d3fd2587e244073bdee43ef.smt2,/Users/heedeok.son/workspace/openevolve/input/z3-bench/raw-data/86468fd861ffa391b567ca57dc57c9b95b8577942d3fd2587e244073bdee43ef__543b29ed8f75ba2d__seed0.meta.jsonl,
86efb0762e6d99d9ade8f6718be01a366a53704b6ee199bf0e91af310c68d6f3,543b29ed8f75ba2d0c54a5409cce4ee23f2d54d221a09c0cca667e1b31ffcec6,0,z3,primary,4.13.3.0,Sat,80512,83621,45066,38505,50,696736,2139,0,0,low,sf4lpp,sf4lpp,3600.0,False,False,False,2,12501,340795,150689373,31,32,4677.0,80.512,326014276,86efb0762e6d99d9ade8f6718be01a366a53704b6ee199bf0e91af310c68d6f3.smt2,/Users/heedeok.son/workspace/openevolve/input/z3-bench/raw-data/86efb0762e6d99d9ade8f6718be01a366a53704b6ee199bf0e91af310c68d6f3.smt2,/Users/heedeok.son/workspace/openevolve/input/z3-bench/raw-data/86efb0762e6d99d9ade8f6718be01a366a53704b6ee199bf0e91af310c68d6f3__543b29ed8f75ba2d__seed0.meta.jsonl,
872cbdb83f738a59db803c6c998facb249d5e4a7b082adda9c16997cd3b19e22,543b29ed8f75ba2d0c54a5409cce4ee23f2d54d221a09c0cca667e1b31ffcec6,0,z3,primary,4.13.3.0,Sat,1298,10244,5621,4609,14,59387,383,0,0,low,sf4lpp,sf4lpp,3600.0,False,False,False,1,204,2761,350767,7,8,296.1,1.298,7471692,872cbdb83f738a59db803c6c998facb249d5e4a7b082adda9c16997cd3b19e22.smt2,/Users/heedeok.son/workspace/openevolve/input/z3-bench/raw-data/872cbdb83f738a59db803c6c998facb249d5e4a7b082adda9c16997cd3b19e22.smt2,/Users/heedeok.son/workspace/openevolve/input/z3-bench/raw-data/872cbdb83f738a59db803c6c998facb249d5e4a7b082adda9c16997cd3b19e22__543b29ed8f75ba2d__seed0.meta.jsonl,
8a304b9c461ac8f19ce464b71010e8ef043d1ee4b857a60d871941a168fea59a,543b29ed8f75ba2d0c54a5409cce4ee23f2d54d221a09c0cca667e1b31ffcec6,0,z3,primary,4.13.3.0,Sat,3053,17043,9303,7722,18,112796,546,0,0,low,sf4lpp,sf4lpp,3600.0,False,False,False,1,604,9551,1273438,7,8,619.29,3.053,11627096,8a304b9c461ac8f19ce464b71010e8ef043d1ee4b857a60d871941a168fea59a.smt2,/Users/heedeok.son/workspace/openevolve/input/z3-bench/raw-data/8a304b9c461ac8f19ce464b71010e8ef043d1ee4b857a60d871941a168fea59a.smt2,/Users/heedeok.son/workspace/openevolve/input/z3-bench/raw-data/8a304b9c461ac8f19ce464b71010e8ef043d1ee4b857a60d871941a168fea59a__543b29ed8f75ba2d__seed0.meta.jsonl,
96158dd28c0bfa150bffb4e0a6bcd7689cb8fa3d041af533c002004b5c1aec4d,543b29ed8f75ba2d0c54a5409cce4ee23f2d54d221a09c0cca667e1b31ffcec6,0,z3,primary,4.13.3.0,Unsat,33160,99809,52910,46851,48,1095737,1923,0,0,low,sf4lpp,sf4lpp,3600.0,False,False,False,2,54,288,336058,,1,4757.86,33.16,67537967,96158dd28c0bfa150bffb4e0a6bcd7689cb8fa3d041af533c002004b5c1aec4d.smt2,/Users/heedeok.son/workspace/openevolve/input/z3-bench/raw-data/96158dd28c0bfa150bffb4e0a6bcd7689cb8fa3d041af533c002004b5c1aec4d.smt2,/Users/heedeok.son/workspace/openevolve/input/z3-bench/raw-data/96158dd28c0bfa150bffb4e0a6bcd7689cb8fa3d041af533c002004b5c1aec4d__543b29ed8f75ba2d__seed0.meta.jsonl,
a4658d3a051a31bc6d19ea051195dacfaaea52a34530d63756eab51df3168f97,543b29ed8f75ba2d0c54a5409cce4ee23f2d54d221a09c0cca667e1b31ffcec6,0,z3,primary,4.13.3.0,Sat,597,5854,3276,2568,10,25205,293,0,0,low,sf4lpp,sf4lpp,3600.0,False,False,False,1,82,2016,86665,20,21,88.85,0.597,1861058,a4658d3a051a31bc6d19ea051195dacfaaea52a34530d63756eab51df3168f97.smt2,/Users/heedeok.son/workspace/openevolve/input/z3-bench/raw-data/a4658d3a051a31bc6d19ea051195dacfaaea52a34530d63756eab51df3168f97.smt2,/Users/heedeok.son/workspace/openevolve/input/z3-bench/raw-data/a4658d3a051a31bc6d19ea051195dacfaaea52a34530d63756eab51df3168f97__543b29ed8f75ba2d__seed0.meta.jsonl,
a47edaf1aecb80c732ed45ddfc8a6f2a665f0ac175af4982158e7af567d60d1c,543b29ed8f75ba2d0c54a5409cce4ee23f2d54d221a09c0cca667e1b31ffcec6,0,z3,primary,4.13.3.0,Sat,2343,17097,9331,7748,18,112978,548,0,0,low,sf4lpp,sf4lpp,3600.0,False,False,False,1,386,7695,1195002,13,14,619.16,2.343,13786897,a47edaf1aecb80c732ed45ddfc8a6f2a665f0ac175af4982158e7af567d60d1c.smt2,/Users/heedeok.son/workspace/openevolve/input/z3-bench/raw-data/a47edaf1aecb80c732ed45ddfc8a6f2a665f0ac175af4982158e7af567d60d1c.smt2,/Users/heedeok.son/workspace/openevolve/input/z3-bench/raw-data/a47edaf1aecb80c732ed45ddfc8a6f2a665f0ac175af4982158e7af567d60d1c__543b29ed8f75ba2d__seed0.meta.jsonl,
a7df812c620d14325d4d18dccdb4e3ae469f5727ac6f31d49331dd79d223af40,543b29ed8f75ba2d0c54a5409cce4ee23f2d54d221a09c0cca667e1b31ffcec6,0,z3,primary,4.13.3.0,Sat,93445,83551,45030,38471,50,696365,2137,0,0,low,sf4lpp,sf4lpp,3600.0,False,False,False,2,12900,396823,145339357,28,29,4702.37,93.445,322543353,a7df812c620d14325d4d18dccdb4e3ae469f5727ac6f31d49331dd79d223af40.smt2,/Users/heedeok.son/workspace/openevolve/input/z3-bench/raw-data/a7df812c620d14325d4d18dccdb4e3ae469f5727ac6f31d49331dd79d223af40.smt2,/Users/heedeok.son/workspace/openevolve/input/z3-bench/raw-data/a7df812c620d14325d4d18dccdb4e3ae469f5727ac6f31d49331dd79d223af40__543b29ed8f75ba2d__seed0.meta.jsonl,
aa358daf42261994339da8ef373dcdf18401ca35669f908e1023568b5302de07,543b29ed8f75ba2d0c54a5409cce4ee23f2d54d221a09c0cca667e1b31ffcec6,0,z3,primary,4.13.3.0,Sat,1674,10244,5621,4609,14,59387,383,0,0,low,sf4lpp,sf4lpp,3600.0,False,False,False,1,132,3661,274267,6,7,296.0,1.674,6504829,aa358daf42261994339da8ef373dcdf18401ca35669f908e1023568b5302de07.smt2,/Users/heedeok.son/workspace/openevolve/input/z3-bench/raw-data/aa358daf42261994339da8ef373dcdf18401ca35669f908e1023568b5302de07.smt2,/Users/heedeok.son/workspace/openevolve/input/z3-bench/raw-data/aa358daf42261994339da8ef373dcdf18401ca35669f908e1023568b5302de07__543b29ed8f75ba2d__seed0.meta.jsonl,
ac90ca97ff993ebed2e7b1dfdd4e670b0bac1c67d04ac3d592d58456dc4425d9,543b29ed8f75ba2d0c54a5409cce4ee23f2d54d221a09c0cca667e1b31ffcec6,0,z3,primary,4.13.3.0,Unsat,239,5701,3195,2496,10,24797,284,0,0,low,sf4lpp,sf4lpp,3600.0,False,False,False,1,9,21,18322,,1,88.65,0.239,1703733,ac90ca97ff993ebed2e7b1dfdd4e670b0bac1c67d04ac3d592d58456dc4425d9.smt2,/Users/heedeok.son/workspace/openevolve/input/z3-bench/raw-data/ac90ca97ff993ebed2e7b1dfdd4e670b0bac1c67d04ac3d592d58456dc4425d9.smt2,/Users/heedeok.son/workspace/openevolve/input/z3-bench/raw-data/ac90ca97ff993ebed2e7b1dfdd4e670b0bac1c67d04ac3d592d58456dc4425d9__543b29ed8f75ba2d__seed0.meta.jsonl,
aeec9f77b092fb1f9c13c7b1cd4914bf6f31a8c3e4e34b97556ee942431f9d1c,543b29ed8f75ba2d0c54a5409cce4ee23f2d54d221a09c0cca667e1b31ffcec6,0,z3,primary,4.13.3.0,Sat,2193,17097,9331,7748,18,112978,548,0,0,low,sf4lpp,sf4lpp,3600.0,False,False,False,1,313,11511,1133434,9,10,619.08,2.193,10988398,aeec9f77b092fb1f9c13c7b1cd4914bf6f31a8c3e4e34b97556ee942431f9d1c.smt2,/Users/heedeok.son/workspace/openevolve/input/z3-bench/raw-data/aeec9f77b092fb1f9c13c7b1cd4914bf6f31a8c3e4e34b97556ee942431f9d1c.smt2,/Users/heedeok.son/workspace/openevolve/input/z3-bench/raw-data/aeec9f77b092fb1f9c13c7b1cd4914bf6f31a8c3e4e34b97556ee942431f9d1c__543b29ed8f75ba2d__seed0.meta.jsonl,
b6393502fdb5834104bcd66ed1a29e6150c036beb3c8a185f04a6341b3fd3102,543b29ed8f75ba2d0c54a5409cce4ee23f2d54d221a09c0cca667e1b31ffcec6,0,z3,primary,4.13.3.0,Sat,312,5854,3276,2568,10,25205,293,0,0,low,sf4lpp,sf4lpp,3600.0,False,False,False,1,272,4275,156893,11,12,88.83,0.312,1935497,b6393502fdb5834104bcd66ed1a29e6150c036beb3c8a185f04a6341b3fd3102.smt2,/Users/heedeok.son/workspace/openevolve/input/z3-bench/raw-data/b6393502fdb5834104bcd66ed1a29e6150c036beb3c8a185f04a6341b3fd3102.smt2,/Users/heedeok.son/workspace/openevolve/input/z3-bench/raw-data/b6393502fdb5834104bcd66ed1a29e6150c036beb3c8a185f04a6341b3fd3102__543b29ed8f75ba2d__seed0.meta.jsonl,
bc60e5e73924b7f663b6320df3ffba8cb70b7ca50069d0bb586a8656aca15677,543b29ed8f75ba2d0c54a5409cce4ee23f2d54d221a09c0cca667e1b31ffcec6,0,z3,primary,4.13.3.0,Unsat,32076,99386,52694,46644,48,1093104,1914,0,0,low,sf4lpp,sf4lpp,3600.0,False,False,False,2,8,44,78236,,1,4739.95,32.076,67029168,bc60e5e73924b7f663b6320df3ffba8cb70b7ca50069d0bb586a8656aca15677.smt2,/Users/heedeok.son/workspace/openevolve/input/z3-bench/raw-data/bc60e5e73924b7f663b6320df3ffba8cb70b7ca50069d0bb586a8656aca15677.smt2,/Users/heedeok.son/workspace/openevolve/input/z3-bench/raw-data/bc60e5e73924b7f663b6320df3ffba8cb70b7ca50069d0bb586a8656aca15677__543b29ed8f75ba2d__seed0.meta.jsonl,
be1c308d797798dce2f3663ad9790822ce632331f6d9c7309a738ab8e438804e,543b29ed8f75ba2d0c54a5409cce4ee23f2d54d221a09c0cca667e1b31ffcec6,0,z3,primary,4.13.3.0,Unsat,33752,99809,52910,46851,48,1095737,1923,0,0,low,sf4lpp,sf4lpp,3600.0,False,False,False,2,554,2726,5217493,,1,4742.12,33.752,76041935,be1c308d797798dce2f3663ad9790822ce632331f6d9c7309a738ab8e438804e.smt2,/Users/heedeok.son/workspace/openevolve/input/z3-bench/raw-data/be1c308d797798dce2f3663ad9790822ce632331f6d9c7309a738ab8e438804e.smt2,/Users/heedeok.son/workspace/openevolve/input/z3-bench/raw-data/be1c308d797798dce2f3663ad9790822ce632331f6d9c7309a738ab8e438804e__543b29ed8f75ba2d__seed0.meta.jsonl,
c5d46b1e315a5c5e6cf895acac137541641d31b9bc77909ede85575c6876b0db,543b29ed8f75ba2d0c54a5409cce4ee23f2d54d221a09c0cca667e1b31ffcec6,0,z3,primary,4.13.3.0,Unsat,32836,99386,52694,46644,48,1093134,1914,0,0,low,sf4lpp,sf4lpp,3600.0,False,False,False,2,17,59,77550,,1,4755.76,32.836,66856154,c5d46b1e315a5c5e6cf895acac137541641d31b9bc77909ede85575c6876b0db.smt2,/Users/heedeok.son/workspace/openevolve/input/z3-bench/raw-data/c5d46b1e315a5c5e6cf895acac137541641d31b9bc77909ede85575c6876b0db.smt2,/Users/heedeok.son/workspace/openevolve/input/z3-bench/raw-data/c5d46b1e315a5c5e6cf895acac137541641d31b9bc77909ede85575c6876b0db__543b29ed8f75ba2d__seed0.meta.jsonl,
cc611a5155b2d4fc3e0ee9f52181aea53ceefcbb5763e9f5e481ae7c93ebcc52,543b29ed8f75ba2d0c54a5409cce4ee23f2d54d221a09c0cca667e1b31ffcec6,0,z3,primary,4.13.3.0,Sat,42599,59881,32069,27774,38,524539,1453,0,0,low,sf4lpp,sf4lpp,3600.0,False,False,False,2,8751,199321,79552413,33,34,2497.83,42.599,161835665,cc611a5155b2d4fc3e0ee9f52181aea53ceefcbb5763e9f5e481ae7c93ebcc52.smt2,/Users/heedeok.son/workspace/openevolve/input/z3-bench/raw-data/cc611a5155b2d4fc3e0ee9f52181aea53ceefcbb5763e9f5e481ae7c93ebcc52.smt2,/Users/heedeok.son/workspace/openevolve/input/z3-bench/raw-data/cc611a5155b2d4fc3e0ee9f52181aea53ceefcbb5763e9f5e481ae7c93ebcc52__543b29ed8f75ba2d__seed0.meta.jsonl,
d8d5ffa7d82453487927cb6588bf547b89fa3149bb1b8865bac16dcc2516af84,543b29ed8f75ba2d0c54a5409cce4ee23f2d54d221a09c0cca667e1b31ffcec6,0,z3,primary,4.13.3.0,Sat,3350,17043,9303,7722,18,112812,546,0,0,low,sf4lpp,sf4lpp,3600.0,False,False,False,1,394,10789,1035444,8,9,612.05,3.35,14423207,d8d5ffa7d82453487927cb6588bf547b89fa3149bb1b8865bac16dcc2516af84.smt2,/Users/heedeok.son/workspace/openevolve/input/z3-bench/raw-data/d8d5ffa7d82453487927cb6588bf547b89fa3149bb1b8865bac16dcc2516af84.smt2,/Users/heedeok.son/workspace/openevolve/input/z3-bench/raw-data/d8d5ffa7d82453487927cb6588bf547b89fa3149bb1b8865bac16dcc2516af84__543b29ed8f75ba2d__seed0.meta.jsonl,
deb82eaaca14c195b21c630b779fdaa94660a25ed2379f07d1ac4035cf0078fa,543b29ed8f75ba2d0c54a5409cce4ee23f2d54d221a09c0cca667e1b31ffcec6,0,z3,primary,4.13.3.0,Unsat,13346,32912,19654,13218,40,105784,2047,0,0,low,sf4lpp,sf4lpp,3600.0,False,False,False,1,28,130,140410,,1,4321.13,13.346,20723801,deb82eaaca14c195b21c630b779fdaa94660a25ed2379f07d1ac4035cf0078fa.smt2,/Users/heedeok.son/workspace/openevolve/input/z3-bench/raw-data/deb82eaaca14c195b21c630b779fdaa94660a25ed2379f07d1ac4035cf0078fa.smt2,/Users/heedeok.son/workspace/openevolve/input/z3-bench/raw-data/deb82eaaca14c195b21c630b779fdaa94660a25ed2379f07d1ac4035cf0078fa__543b29ed8f75ba2d__seed0.meta.jsonl,
e57b3cf2bc7e5d44864063485fcf0b98d6123bfacb936933dab8a49fec33c078,543b29ed8f75ba2d0c54a5409cce4ee23f2d54d221a09c0cca667e1b31ffcec6,0,z3,primary,4.13.3.0,Unsat,268,5752,3222,2520,10,24936,287,0,0,low,sf4lpp,sf4lpp,3600.0,False,False,False,1,61,190,57841,,1,88.64,0.268,1643884,e57b3cf2bc7e5d44864063485fcf0b98d6123bfacb936933dab8a49fec33c078.smt2,/Users/heedeok.son/workspace/openevolve/input/z3-bench/raw-data/e57b3cf2bc7e5d44864063485fcf0b98d6123bfacb936933dab8a49fec33c078.smt2,/Users/heedeok.son/workspace/openevolve/input/z3-bench/raw-data/e57b3cf2bc7e5d44864063485fcf0b98d6123bfacb936933dab8a49fec33c078__543b29ed8f75ba2d__seed0.meta.jsonl,
f54dba052fbf975e36b4f6dae5b47802965275f27cc276cd8a6199f763a7b8a4,543b29ed8f75ba2d0c54a5409cce4ee23f2d54d221a09c0cca667e1b31ffcec6,0,z3,primary,4.13.3.0,Unsat,31406,99386,52694,46644,48,1092831,1914,0,0,low,sf4lpp,sf4lpp,3600.0,False,False,False,2,34,752,307126,,1,4759.15,31.406,66565673,f54dba052fbf975e36b4f6dae5b47802965275f27cc276cd8a6199f763a7b8a4.smt2,/Users/heedeok.son/workspace/openevolve/input/z3-bench/raw-data/f54dba052fbf975e36b4f6dae5b47802965275f27cc276cd8a6199f763a7b8a4.smt2,/Users/heedeok.son/workspace/openevolve/input/z3-bench/raw-data/f54dba052fbf975e36b4f6dae5b47802965275f27cc276cd8a6199f763a7b8a4__543b29ed8f75ba2d__seed0.meta.jsonl,
fac53f0ffed255416c5d6c6cec93f2aaa8144b18ebfac4d4cf5a973f941ef8d3,543b29ed8f75ba2d0c54a5409cce4ee23f2d54d221a09c0cca667e1b31ffcec6,0,,,4.13.3.0,Unsat,221,3797,2116,1673,8,14932,215,0,0,low,sf4lpp,sf4lpp,3600.0,False,False,False,1,,,,,,25.25,0.221,828317,fac53f0ffed255416c5d6c6cec93f2aaa8144b18ebfac4d4cf5a973f941ef8d3.smt2,/Users/heedeok.son/workspace/openevolve/input/z3-bench/raw-data/fac53f0ffed255416c5d6c6cec93f2aaa8144b18ebfac4d4cf5a973f941ef8d3.smt2,/Users/heedeok.son/workspace/openevolve/input/z3-bench/raw-data/fac53f0ffed255416c5d6c6cec93f2aaa8144b18ebfac4d4cf5a973f941ef8d3__543b29ed8f75ba2d__seed0.meta.jsonl,
fe3a23ba2a11867b3e3498c501502f51befc6e98b7117d10773441d2838f093b,543b29ed8f75ba2d0c54a5409cce4ee23f2d54d221a09c0cca667e1b31ffcec6,0,z3,primary,4.13.3.0,Sat,258,5752,3222,2520,10,24936,287,0,0,low,sf4lpp,sf4lpp,3600.0,False,False,False,1,103,964,76908,6,7,88.65,0.258,1730326,fe3a23ba2a11867b3e3498c501502f51befc6e98b7117d10773441d2838f093b.smt2,/Users/heedeok.son/workspace/openevolve/input/z3-bench/raw-data/fe3a23ba2a11867b3e3498c501502f51befc6e98b7117d10773441d2838f093b.smt2,/Users/heedeok.son/workspace/openevolve/input/z3-bench/raw-data/fe3a23ba2a11867b3e3498c501502f51befc6e98b7117d10773441d2838f093b__543b29ed8f75ba2d__seed0.meta.jsonl,
